[
  {
    "customerName": "Felipe Rodrigues Zanardo ",
    "customerPhone": "66999054129",
    "customerAddress": "Avenida Araguaia número 551",
    "paymentMethod": "Pix",
    "items": "[{\"productId\":\"bd0c927b-858c-4cb5-bddd-74a402c0b434\",\"productName\":\"Shampoo Nutritivo Rosa Gold\",\"quantity\":1,\"price\":\"45.90\"},{\"productId\":\"66081915-42cb-4af4-ac17-dc28088ed075\",\"productName\":\"Batom Matte Luxo\",\"quantity\":1,\"price\":\"39.90\"},{\"productId\":\"89786f6c-158b-42fe-8e11-661b03adef69\",\"productName\":\"Perfume Rose Gold Premium\",\"quantity\":1,\"price\":\"189.90\"}]",
    "totalAmount": "275.7",
    "status": "pending",
    "id": "26b12691-46e7-4200-97e4-41b70b7cb274",
    "createdAt": "2025-11-22T18:45:20.318Z"
  },
  {
    "customerName": "Felipe ",
    "customerPhone": "66999054129",
    "customerAddress": "Avenida Araguaia, 551",
    "paymentMethod": "Pix",
    "items": "[{\"productId\":\"bd0c927b-858c-4cb5-bddd-74a402c0b434\",\"productName\":\"Shampoo Nutritivo Rosa Gold\",\"quantity\":1,\"price\":\"45.90\"},{\"productId\":\"6d229c00-8e35-4f33-8198-f9222df0592a\",\"productName\":\"Condicionador Reparador\",\"quantity\":1,\"price\":\"49.90\"},{\"productId\":\"66081915-42cb-4af4-ac17-dc28088ed075\",\"productName\":\"Batom Matte Luxo\",\"quantity\":1,\"price\":\"39.90\"}]",
    "totalAmount": "135.7",
    "status": "pending",
    "id": "bd65d04f-07b7-4223-8559-ecb8c0777173",
    "createdAt": "2025-11-22T18:47:27.793Z"
  },
  {
    "customerName": "Felipe ",
    "customerPhone": "66999054129",
    "customerAddress": "Avenida Araguaia, 551",
    "paymentMethod": "Pix",
    "items": "[{\"productId\":\"bd0c927b-858c-4cb5-bddd-74a402c0b434\",\"productName\":\"Shampoo Nutritivo Rosa Gold\",\"quantity\":1,\"price\":\"45.90\"},{\"productId\":\"6d229c00-8e35-4f33-8198-f9222df0592a\",\"productName\":\"Condicionador Reparador\",\"quantity\":1,\"price\":\"49.90\"},{\"productId\":\"66081915-42cb-4af4-ac17-dc28088ed075\",\"productName\":\"Batom Matte Luxo\",\"quantity\":1,\"price\":\"39.90\"}]",
    "totalAmount": "135.7",
    "status": "pending",
    "id": "dc6ddefd-10af-4e87-acef-2d9e8570fe01",
    "createdAt": "2025-11-22T18:58:10.824Z"
  }
]