[
  {
    "id": "bd0c927b-858c-4cb5-bddd-74a402c0b434",
    "name": "Shampoo Nutritivo Rosa Gold",
    "description": "Shampoo hidratante com óleo de argan",
    "price": "45.90",
    "category": "Cabelo",
    "imageUrl": "/attached_assets/generated_images/shampoo_bottle_pink_gold.png",
    "quantity": "12"
  },
  {
    "id": "6d229c00-8e35-4f33-8198-f9222df0592a",
    "name": "Condicionador Reparador",
    "description": "Condicionador profissional para cabelos danificados",
    "price": "49.90",
    "category": "Cabelo",
    "imageUrl": "/attached_assets/generated_images/conditioner_bottle_rose_gold.png",
    "quantity": "10"
  },
  {
    "id": "40a9bb4c-0df7-4e7e-b9c2-9a4a286ef79d",
    "name": "Paleta de Sombras Rose",
    "description": "12 cores nude e rosadas para o dia a dia",
    "price": "89.90",
    "category": "Maquiagem",
    "imageUrl": "/attached_assets/generated_images/pink_eyeshadow_makeup_palette.png",
    "quantity": "8"
  },
  {
    "id": "66081915-42cb-4af4-ac17-dc28088ed075",
    "name": "Batom Matte Luxo",
    "description": "Batom de longa duração acabamento matte",
    "price": "39.90",
    "category": "Maquiagem",
    "imageUrl": "/attached_assets/generated_images/pink_lipstick_luxury_cosmetic.png",
    "quantity": "17"
  },
  {
    "id": "af58f364-c15c-435e-906e-125e71c6f6e2",
    "name": "Perfume Floral Elegance",
    "description": "Fragrância floral sofisticada 50ml",
    "price": "159.90",
    "category": "Perfumes",
    "imageUrl": "/attached_assets/generated_images/pink_perfume_bottle_elegant.png",
    "quantity": "5"
  },
  {
    "id": "89786f6c-158b-42fe-8e11-661b03adef69",
    "name": "Perfume Rose Gold Premium",
    "description": "Eau de parfum com notas de rosa e baunilha",
    "price": "189.90",
    "category": "Perfumes",
    "imageUrl": "/attached_assets/generated_images/rose_gold_perfume_luxury.png",
    "quantity": "6"
  },
  {
    "id": "4920d04e-1b18-46bd-943b-fcaaddd6deb8",
    "name": "Colar Delicado Dourado",
    "description": "Colar folheado a ouro com pingente",
    "price": "79.90",
    "category": "Acessórios",
    "imageUrl": "/attached_assets/generated_images/gold_necklace_elegant_jewelry.png",
    "quantity": "10"
  },
  {
    "id": "3e8d29c4-ec13-4863-89a7-9902f7b764bb",
    "name": "Brincos Cristal Rosa",
    "description": "Brincos elegantes com cristais rosados",
    "price": "69.90",
    "category": "Acessórios",
    "imageUrl": "/attached_assets/generated_images/pink_crystal_earrings_jewelry.png",
    "quantity": "14"
  },
  {
    "id": "74fbddd7-c4bf-4d58-a6d1-2e1c351e42fb",
    "name": "Óleo Massagem Relaxante",
    "description": "Óleo aromático para massagens sensuais",
    "price": "54.90",
    "category": "Sex Shop",
    "imageUrl": "/attached_assets/generated_images/pink_massage_oil_bottle.png",
    "quantity": "6"
  },
  {
    "id": "e839f7ae-9017-489e-9978-1d98219420ea",
    "name": "Vela Aromaterapia Romance",
    "description": "Vela perfumada para momentos especiais",
    "price": "44.90",
    "category": "Sex Shop",
    "imageUrl": "/attached_assets/generated_images/pink_aromatherapy_candle_luxury.png",
    "quantity": "9"
  },
  {
    "name": "Blow gel",
    "description": "",
    "price": "80",
    "category": "Sex Shop",
    "imageUrl": "/attached_assets/uploaded_images/product_1763836106851.jpeg",
    "quantity": "2",
    "id": "13c7969c-baac-4aef-98bd-851888f361f0"
  }
]